mean_R,mean_G,mean_B,contrast_R,dissimilarity_R,homogeneity_R,energy_R,correlation_R,asm_R,entropy_R,contrast_G,dissimilarity_G,homogeneity_G,energy_G,correlation_G,asm_G,entropy_G,contrast_B,dissimilarity_B,homogeneity_B,energy_B,correlation_B,asm_B,entropy_B,class
62.90729770307268,73.43557003378392,84.38840125786729,0.8459581544781296,0.5575233269818649,0.7488714609745148,0.264651556714476,0.8232298213515665,0.0702754065225285,17.652413623559276,0.847057551501608,0.5583039307774144,0.7485085573623406,0.2592929861760579,0.8343230338485216,0.067460756978603,17.86390742010976,0.8472432094048985,0.5585246197889097,0.7483933561015373,0.2549908542389008,0.8438535565187957,0.0652446379392752,18.067620029305782,katun_htm
63.244391318251296,73.77073131308293,84.72767851797751,0.8560826695545481,0.5617915740437863,0.747281162688804,0.2636406191359063,0.8223715030480546,0.0697405852414232,17.703242061852034,0.857532477903124,0.562689215118284,0.7468831549815065,0.2584855760303821,0.8333239679903207,0.0670423900068437,17.912739254939748,0.8574882866305922,0.5628719061445213,0.7467667938015428,0.2542160571360981,0.8428625051270671,0.064849605819366,18.11740343869675,katun_htm
63.30885907436453,73.85442651897925,84.32587213594984,0.8132416201727691,0.5443823728089731,0.7536243382475876,0.267882310459753,0.8263391209774451,0.0719988148547951,17.496771147654165,0.8150772418512445,0.5455462872785471,0.7531055700637844,0.2625635678354034,0.8371104855543008,0.0691708883739737,17.71018548953697,0.8142867445166041,0.5450518079866872,0.7533235772564448,0.2585605435661072,0.8463139395494743,0.067080928834548,17.90271084129939,katun_htm
63.3233222532856,73.83753487146944,84.30452464799272,0.7202246648127906,0.504844668432253,0.7684042014907727,0.2793137729550597,0.8369869656357195,0.0782696429084016,17.03040779945264,0.7214096057495417,0.5057078197742226,0.768004101818633,0.2738895441197333,0.8477104289155017,0.0752611835023503,17.251396465876322,0.7210611722053009,0.5056258623374879,0.7680165816993999,0.2694488711634843,0.856712992020924,0.0728447611589888,17.453610497880526,katun_htm
63.22511753531048,73.80476485704195,84.28061418186245,0.7636116140459065,0.5243044050092616,0.7609173139713277,0.2724075122596593,0.8325628337494456,0.0744510047989975,17.27146477522001,0.7649656925301922,0.5251759653897945,0.7605263388337975,0.2672731532833747,0.8430173458442283,0.0716732147840729,17.477895910646378,0.7644853686059984,0.5250062489743856,0.7605844642136053,0.2630745975896906,0.8520378039898666,0.0694426663382163,17.679251590986045,katun_htm
63.26724416613786,73.77108950643152,84.2174670766434,0.7724148365636239,0.5277300343849372,0.7597025575800427,0.2721704009402045,0.8305628862574542,0.0743200941958022,17.294491581120752,0.7742210357142549,0.5288399801434395,0.7592127674446498,0.266821374726046,0.8413530747451045,0.0714298107826258,17.511562250103566,0.7734255950901048,0.5285967372602758,0.7592824647335109,0.2624164538916698,0.8506377018357272,0.0690951954670161,17.712831890453664,katun_htm
63.22941205155989,73.79704418150325,84.28551040556667,0.8274048039035198,0.550338163427603,0.7514198974696702,0.2671244298366261,0.8246307445736929,0.0715935152041866,17.55873061879139,0.8285135629683205,0.5511343981433225,0.7510511571641475,0.2618313211710198,0.8357726126663423,0.0687866150773339,17.772346972838438,0.8282935404193069,0.5511664151415464,0.7510096788378863,0.2578044750924529,0.8447638100421185,0.0666907329393705,17.96712814012126,katun_htm
63.790105557285,74.41166942046512,84.94555966214085,0.8451859858051166,0.5577415671043366,0.7486814989995484,0.2648402649500923,0.8242077752370541,0.0703766147290161,17.6681345278734,0.8462281987737073,0.558444307262726,0.7483627523002081,0.2597509140382666,0.8350956325446908,0.0676994300137468,17.876481889576375,0.8460814748877727,0.5584621810975887,0.7483317893116901,0.2555969587477271,0.844309618577487,0.0655558472945191,18.076270369153896,katun_htm
63.98781581378735,74.5764306905848,85.10070041017629,0.8445342403992356,0.557333115603795,0.7488556225002232,0.2645932911050126,0.8245553543166669,0.0702456744245872,17.67062539580421,0.8460195590250488,0.5581338125487385,0.7485186058334564,0.2595833460567284,0.8353031264354769,0.0676130919983112,17.878096670168052,0.8454745336040979,0.5580340908775021,0.7485241288739497,0.2554277191914536,0.8445543370071149,0.0654690703915239,18.07723816455737,katun_htm
64.0650704613211,74.7030499814418,85.2334561317912,0.7881192546506154,0.534514267525852,0.7571527538429859,0.2701676335677773,0.8305370032581488,0.0732330503586088,17.4065344038247,0.7893172680350177,0.5353425813609839,0.7567727295908802,0.2650699259941786,0.8412931157794453,0.0704975396671808,17.61811949036356,0.7889235765459008,0.5353900742811221,0.7567054525810734,0.260642863455663,0.8503692868530002,0.0681661915384005,17.821472961895477,katun_htm
63.97228466493457,74.56279945063717,85.0733205695773,0.7859159063001919,0.5336156444524103,0.7574787917560012,0.2706859810082712,0.8306826238011527,0.0735139792777967,17.393718797373946,0.7869541887689548,0.5343479644509294,0.757141700079901,0.2656734169164561,0.8412110944001332,0.0708184019197822,17.599237148658073,0.786858277207385,0.5344737970435398,0.7570569417687665,0.2612348616848943,0.8503098843904382,0.0684760165942116,17.804965455834434,katun_htm
63.900479619896,74.379280485347,84.88478421594569,0.8037307041291009,0.5405360148146444,0.7550231144639237,0.2691078255589187,0.8277880698901199,0.072658971126519,17.459347677648907,0.8048125997153956,0.5412498971549813,0.7547016826867632,0.2640155133096521,0.8385311702518472,0.06993715061692,17.66656595438661,0.8044613771728986,0.5411122786826675,0.7547469257779231,0.2596601662234955,0.8478922483308287,0.0676523425280563,17.871989882807394,katun_htm
63.59168421464861,74.05269002955345,84.57178066244816,0.8418126643780837,0.5561591433598764,0.749297675124699,0.2646579883235139,0.8243223999906775,0.0702795438225677,17.645425554231263,0.8431620437106602,0.5570052581649825,0.7489253317682506,0.2596444166256829,0.834964156283492,0.0676447409929651,17.85117475539843,0.8431063063279063,0.5570868872875036,0.7488685291236447,0.255347838316369,0.8443251168066626,0.0654281676360408,18.055382535346027,katun_htm
63.38116935660892,73.83535122653784,84.84643189786601,0.831926316507746,0.5522470954281236,0.7507088673692136,0.2666909302560326,0.8242477214298032,0.0713614946732269,17.57945535217382,0.8334767777674387,0.5530943505418063,0.7503491972238941,0.2615305338731098,0.8352075616038772,0.0686291391222342,17.791829870391037,0.8335568021015914,0.5535243144767171,0.7500994902866713,0.2570029661852501,0.8447508629466758,0.0662772299535594,18.003429178722907,katun_htm
63.312418807844736,73.76244815425662,84.24777407528246,0.8430801142896283,0.556683713564798,0.7491070332135343,0.2655687483164636,0.8230483676581828,0.070763558340273,17.62994848363475,0.8446740099616168,0.5576190327613766,0.7486987899367067,0.2604043934684367,0.8339111924255624,0.0680402467959682,17.839535033590355,0.8442399847145967,0.557587424769245,0.7486766587079998,0.256196434553309,0.8433539059725583,0.0658630339411947,18.042263258575897,katun_htm
63.360963734669525,73.75707151245395,84.26039340654846,0.8042363632322835,0.5410671613346536,0.7547623526834268,0.2693146924424983,0.82693670669536,0.0727709982808909,17.447581738703583,0.8060034157842166,0.5421995319021193,0.7542559677181541,0.2641121799276258,0.8375571343627968,0.0699885018301946,17.65799936672034,0.8057140454147077,0.5422518107162756,0.7541954261805548,0.2598552014614288,0.8467255678317064,0.0677542164717207,17.859144733932318,katun_htm
63.26305784373591,73.69922640463676,84.21301977945666,0.8493189106905955,0.5592719214968799,0.7481515379653834,0.264562322326508,0.822731319423398,0.0702287683162344,17.663882243778612,0.8508672462436873,0.5602278447201389,0.747726672743101,0.2594630425776096,0.8334849322532136,0.0675498713099053,17.87182000402709,0.8503035039171742,0.5601820819945066,0.74770184993558,0.2553546508856001,0.8427444893982601,0.0654311207231722,18.07040367990949,katun_htm
63.35505504104757,73.78420403501315,84.27865278642497,0.8307946842242021,0.5517068466833095,0.7509238246525186,0.2672191883707058,0.8239139105789028,0.0716444022503426,17.565592478877047,0.8321058119662219,0.5524909982713291,0.7505832170654303,0.2621243206926515,0.8347848412153721,0.0689402574886795,17.775189313191003,0.8320068063212882,0.5526337300073728,0.7504865052687716,0.2578131789199797,0.8441414783041375,0.0666952809941147,17.97849683705085,katun_htm
63.35145614575975,73.76818542143094,84.26423731257209,0.7858986274290762,0.5335670812888134,0.7575164623846624,0.2715469157663672,0.8294457993862614,0.0739817663483463,17.36563474556904,0.7872908217802314,0.5344537999791444,0.7571197195743191,0.2663848775020732,0.8400200316050799,0.0711979756147518,17.57526363388134,0.7868417031556167,0.5345467785037865,0.7570194145464413,0.2619984994409279,0.8492805849867605,0.0688768184341306,17.780694687263253,katun_htm
63.432582948200654,73.83784935076208,84.31965750629583,0.800434626900534,0.5397579378778115,0.7551947803238139,0.269506278325464,0.8279414784126908,0.0728748515380709,17.439084617235842,0.8017916629540394,0.5407616837015744,0.7547271216870981,0.2643650616137229,0.8386267856695789,0.0701228716562604,17.650479252998082,0.8016092865804808,0.5406647769079254,0.7547627844965202,0.2600550522827632,0.84784039229001,0.0678590640605245,17.85414987258361,katun_htm
63.43245448749416,73.80332684544406,84.78726807230117,0.8307627531800776,0.5514976676998442,0.7510377618722457,0.267953226017266,0.8233261094557927,0.0720367973685931,17.55293426861931,0.8324880803686384,0.5525001706377112,0.7506039503414618,0.2627488398167994,0.8343694520026352,0.0692686646078882,17.768854254149996,0.8322267254238156,0.5525941961373524,0.7505181127390171,0.2583973416609983,0.843666135142548,0.066997197512391,17.971207122265863,katun_htm
63.467930096422855,73.80495573967426,84.75832094872348,0.8032007992592661,0.540792916120705,0.7548329863699985,0.2711976967410837,0.8256331167074757,0.0737902307517421,17.41622232437726,0.8049589865403627,0.5418548563940508,0.754362245241546,0.2658586281125424,0.8366586562302111,0.0709157303187413,17.633949264985436,0.8048104897302417,0.5421164692877523,0.7541919015155796,0.2615080491873583,0.8457787112492522,0.0686180368575107,17.836146019437333,katun_htm
63.175102356992056,73.69606327799795,84.20095975114043,0.819540619142903,0.5474833061226572,0.7523797061815058,0.2689078394039811,0.8243798984336532,0.0725518496404659,17.502062397211468,0.8210999004565653,0.5484904518480048,0.751930999531226,0.2636164481744337,0.8354010670802006,0.069727019787185,17.717391931850152,0.8210631660923765,0.5486957977097076,0.7518015745576064,0.2595205931466041,0.8441339669078145,0.0675810261865785,17.90970435123524,katun_htm
63.891880485147446,73.7843896794419,84.29976892039127,0.8274507566076819,0.5505723801430386,0.7512889456490571,0.2671902773594508,0.8247717370288445,0.0716283090438169,17.562049857903894,0.8292160758460074,0.551625786981401,0.7508260131573677,0.2623273345923647,0.835059232337642,0.0690465330060331,17.76351032460576,0.829011378561983,0.5518340500225316,0.7506817446925411,0.2583738541268599,0.843543108474873,0.0669852013330132,17.95198596008731,katun_htm
63.241755317026055,73.65723839912518,84.15456984620634,0.81091931628635,0.5433695745221215,0.7540194808232616,0.270376596840853,0.8251414737329317,0.0733442486074068,17.452152804577075,0.8125298829181716,0.5445997436227293,0.7534456419145183,0.2651159544991898,0.8359411348000194,0.0705197771431909,17.667493899175984,0.812484836885615,0.5447038551687827,0.753373308432141,0.2609183929888594,0.8448224815326663,0.0683087391930749,17.86285999066936,katun_htm
149.3550638337464,165.86815634940115,179.82453814010847,0.0686751097065779,0.068288311446408,0.9658945241028128,0.4345857153015777,0.981877992423037,0.1888995804573212,11.26044748499518,0.0695316896178799,0.0691390271908483,0.9654697526472792,0.4383036916765543,0.9814281053255252,0.1921478347269903,11.201162527848338,0.0684819649958615,0.0680876493208073,0.9659956069071018,0.4399910519701028,0.9817588177772776,0.193629070271836,11.214528935367053,katun_pth
149.4580604478714,165.97247105767812,179.93820354062652,0.0719580441390255,0.0714434147983241,0.9643297533328712,0.4326222685070103,0.9810045776121852,0.1872003181912689,11.31839366518162,0.0728476929731867,0.0723296634486749,0.9638869712281134,0.4363704597337733,0.9805275571426068,0.1904607417423214,11.259572575489814,0.0717641364007068,0.0712462939346429,0.9644286372792849,0.4378067252827734,0.9808819889014496,0.1917152727247692,11.27508970839961,katun_pth
149.4515600866848,165.96118260427517,179.9432988784258,0.0734675691637864,0.0728783245647925,0.9636197599754665,0.4317414186833169,0.9806797637894606,0.1864401322023502,11.350545252074768,0.0740324079818949,0.0734504317215946,0.963332981765233,0.4357715401937367,0.9802844844049524,0.1899391324434652,11.28387806460365,0.0731451330995886,0.0725590392776389,0.963779089743376,0.436858398570869,0.9806011150058944,0.190886999339105,11.309472982943811,katun_pth
150.36110909481846,165.88518974020505,179.86851597701974,0.0740949933643603,0.0735637061159323,0.9632712756668764,0.4327693412807214,0.9805559696302492,0.1873300185310772,11.341479831788131,0.0734510914252713,0.072919586051055,0.963593357511894,0.4359489664642942,0.98052552768155,0.1900931932261987,11.28596008675951,0.073191071158362,0.0726592541842292,0.9637235546052988,0.4380327234755663,0.980548680296944,0.1919149336444328,11.29314416121028,katun_pth
149.35051071237572,165.85806501259165,179.8499130582927,0.0737127247685466,0.0730917254098169,0.963516226221256,0.4326914402858644,0.9805819465778116,0.187261272734026,11.3433954403732,0.074485851870703,0.0738635735877371,0.9631304322267566,0.4367383772967264,0.9801156544717532,0.1907829482734744,11.278549265408904,0.0733840330878715,0.0727609127596645,0.96368184464328,0.4382462454677634,0.9804636601857,0.1921013077503461,11.28775012605943,katun_pth
149.4387509952587,165.93788756470428,179.92475900522024,0.0724104954909556,0.0719166719043841,0.964091046406465,0.4340700769849188,0.9807433411138592,0.1884558660123759,11.29854725408948,0.0731066988796201,0.0726062308490707,0.9637469291764824,0.4380602665041472,0.9803081646475372,0.1919387158809073,11.2345525552959,0.0719359471742739,0.0714331397808502,0.9643337086468804,0.4398077650053875,0.9806485490953613,0.1934717917504418,11.237038443160626,katun_pth
150.54416086223824,166.0491408971995,180.04257119217522,0.0743584936018127,0.0737828810685118,0.963166102511193,0.4316020144159061,0.9806496815882092,0.1863212051498576,11.36458989701617,0.0735291199655809,0.0729547864014926,0.9635800307546588,0.4348251330615824,0.9806751566368012,0.1891145377437292,11.306439177012686,0.0736494379050957,0.0730720785394525,0.9635216872658344,0.435657498543251,0.9806597528247106,0.1898398038669029,11.341679877147946,katun_pth
150.8106199837965,166.35142596372967,180.3417768186045,0.0710979711038781,0.0706350918635938,0.9647287397901948,0.4330590770692819,0.9814388803201476,0.1875775946646878,11.298078433404308,0.0703575242421288,0.0698926173535759,0.9651001820120674,0.4364782253694018,0.9814103185338044,0.1905513524653477,11.237702690040392,0.0707085047191072,0.0702455943327739,0.9649234938722466,0.4383531310409746,0.9811270678657676,0.1921932096370973,11.252307295133187,katun_pth
150.95183440641674,166.48409806116626,180.4673596934703,0.0717600175853447,0.0712813543347508,0.9644071869556472,0.4334256102557653,0.981057648176254,0.1878959231558502,11.284533061576871,0.0711840195437901,0.0707080077192421,0.9646935951207968,0.4368602014167448,0.980979250852408,0.1908859987311535,11.227724659873653,0.0716991481826427,0.0712183324769518,0.9644389131300564,0.4381789532365803,0.9806557332253828,0.1920418250701438,11.250121748050052,katun_pth
150.7472725172911,166.27190941000865,180.25358087337315,0.0734498274084111,0.0729437134042528,0.9635787502942156,0.4312593186776505,0.9810499868970238,0.1860243067331859,11.36525722207723,0.07248611910652,0.0719820328383338,0.9640593878035776,0.434663169891028,0.9811098661034634,0.1889721684873275,11.304123909285153,0.0728966615953749,0.0723912028321255,0.9638549400561884,0.4358922424796869,0.9808711196084534,0.1900439915337092,11.330379605659042,katun_pth
149.67116915206955,166.1967501062607,180.16873351213067,0.0718610294923432,0.0713433121929176,0.9643801046239344,0.4317293172681084,0.9814001845686866,0.1864274914119895,11.34761438116334,0.0722727918021521,0.0717504263405846,0.964177010164278,0.4360430173974178,0.9811109078287812,0.1901729253534583,11.281847555057878,0.0722876359618805,0.0717687644685874,0.9641674917034492,0.4364743137926696,0.9810590195477804,0.1905503976860795,11.315049503835358,katun_pth
149.57025784184015,166.08561313671612,180.05988769540994,0.0730785997946223,0.0725112216110286,0.9638011248108082,0.430355745966718,0.9812742385506068,0.185244499016941,11.391892661160334,0.0733713125557164,0.0728024058184879,0.963655685562442,0.4348324010043767,0.9810093917429884,0.1891195747571237,11.32311070082112,0.0735684322219052,0.072995626705469,0.9635594649968724,0.4349458642550805,0.9809647516112896,0.1892197253632518,11.367493125778273,katun_pth
149.75753097773813,166.2714541228154,180.2537653953297,0.0723054819890555,0.0717852681707637,0.9641593542690686,0.4313728221832702,0.9813420544348268,0.1861204166526463,11.360193317875046,0.0727202844815734,0.0721889346711899,0.9639586346180644,0.4358476322489617,0.9810285651988748,0.1900032014796038,11.290770738234496,0.072870704463521,0.0723448445344427,0.9638801306983076,0.4359568360735951,0.9809631866436204,0.190099594424958,11.33221411025425,katun_pth
149.70572645402552,166.220126462706,180.2146278455917,0.0717782508860911,0.0712682373853539,0.9644168804553596,0.4314079194853045,0.9815371291956082,0.1861499541555576,11.358159675918788,0.0721941745497938,0.0716816347334287,0.9642104322114832,0.4359003413527052,0.9812464874184504,0.1900482760420335,11.29100838225738,0.0723624532219779,0.0718565573413591,0.9641223065139436,0.4358914598081939,0.9811895129219174,0.1900418494114649,11.33491969738262,katun_pth
149.9946347076384,166.49612079846187,180.460520283322,0.0697870991664949,0.069290593048307,0.9654043276657625,0.4313048484560518,0.9823251494003192,0.1860582473217513,11.3476489806139,0.0700719070344915,0.0695755572852112,0.9652618321124562,0.4359622587766576,0.9820804865660828,0.1900992012707635,11.277745732455728,0.070835732003682,0.0703378224175405,0.9648808555299776,0.4334478953929283,0.9820138383874286,0.1879154857899558,11.37195549414662,katun_pth
150.1076958439594,166.58267138653753,180.5521835451563,0.0700081745486634,0.0695419883603226,0.9652756134297582,0.4317286709589292,0.9822225499052162,0.1864246836251724,11.341812752260047,0.0702579067235047,0.0697885388167125,0.9651526563734084,0.4365377067224525,0.9819654190096216,0.1906019839723329,11.268125900298118,0.0710885745916374,0.070618426778783,0.9647377903829794,0.43407199214903,0.9818600624907416,0.1884575457587799,11.358220827231213,katun_pth
150.08431275268097,166.55315386000726,180.5065703909795,0.0695758877830209,0.0690652201567856,0.9655184566842306,0.4310632205912333,0.982567658082549,0.1858493839372235,11.36155574437196,0.0697071478940013,0.0691956071529356,0.9654533482956016,0.436092431637652,0.982373316641578,0.1902119137235068,11.286894513614277,0.0707885401129189,0.0702739736512555,0.9649144676185016,0.4325737551891231,0.9822883882644654,0.1871579956856731,11.402047179150143,katun_pth
150.41722484714424,166.9001039035093,180.9060959718713,0.0689700980115049,0.0685212558412448,0.9657842320765376,0.4341824611472027,0.9820732923417472,0.1885485429577675,11.271438619688627,0.0693429890525648,0.0688877215400996,0.9656016461647694,0.4388986188110705,0.9817594735180382,0.1926678935601791,11.198132471377612,0.0702474164699661,0.0697950184036411,0.9651477107883843,0.4361185386331491,0.981626473985282,0.1902378457563915,11.28940957379012,katun_pth
150.28422230636608,166.77484193097146,180.78892534013403,0.0718902789471034,0.0713455163864369,0.9643817136587745,0.4318092699823544,0.9815454493945216,0.1864965011963285,11.3509752760947,0.0720846753331987,0.0715237860140084,0.964294193722878,0.4363790394199502,0.9812841726365528,0.1904658412739365,11.276942554971477,0.0731065556921252,0.0725450424602287,0.9637836278910386,0.433841663147999,0.9811386312202351,0.1882602203371071,11.37092433952577,katun_pth
150.368356211811,166.85043008145655,180.85169585593243,0.0704985285665729,0.0699928832733466,0.9650541162871736,0.4326564496262083,0.981876142880116,0.1872272104873518,11.321371359663166,0.0708208454549681,0.0703197231684894,0.9648902506444031,0.4373503679237988,0.9816152739429278,0.1913128198013577,11.251211432720732,0.071934726711284,0.0714249330409348,0.9643385128465674,0.4340994897906093,0.9814825992415112,0.1884825123179639,11.35603156045062,katun_pth
153.79398631781228,169.92648686408208,184.0077589019528,0.0740124501750137,0.07338830149647,0.963368232700786,0.4356311631950099,0.9787902928634084,0.1898181405599895,11.105560705027877,0.0747119044432244,0.0740845428124767,0.9630204377420768,0.4444444477030141,0.977753940628656,0.1975772246763554,11.00077918953595,0.0737556185686389,0.0731321559374826,0.9634962412796152,0.4384245805777557,0.9788763923541202,0.1922610897273332,11.13119132641544,katun_pth
153.6418890907676,169.771293734011,183.83855781779437,0.0744882320281551,0.0738527280578515,0.963137179761994,0.434318910460242,0.9789236761126658,0.1886768707767499,11.149238023122264,0.0750003404919809,0.0743659282907669,0.962880472670664,0.4431931208412084,0.978006100913405,0.1964663951513964,11.04127593688147,0.0738409126444976,0.0732055957888621,0.9634607293870584,0.4370893518740421,0.9791688979242708,0.1910917874396348,11.167780692677574,katun_pth
153.6831067685572,169.7977478468489,183.86253432270527,0.0734893447597815,0.0729071195109941,0.9636046583653076,0.4347144147968895,0.9791964854479612,0.1890198212413631,11.128144457242444,0.0742325435987168,0.0736367493926532,0.9632411981181692,0.4436020995590419,0.9782192432320658,0.1968286342309698,11.025958066166435,0.073183456895007,0.0725891289279921,0.9637648617265948,0.4376400749471234,0.9793209897615812,0.191573081440287,11.152325449064824,katun_pth
153.63637357421086,170.0750804812562,184.417913546194,0.0735784485011668,0.0729825300909565,0.9635683201900672,0.4367185079054704,0.978961501942951,0.1907664982559642,11.105662763169937,0.0732684763852738,0.072668097341371,0.9637259804261918,0.4437058638541982,0.9784457470374388,0.1969189061588218,11.002778349967771,0.0733701796052534,0.0727661822067756,0.9636772998289472,0.4391597922664519,0.9790555740938794,0.1929057925934238,11.114807096237795,katun_pth
153.84028349407134,169.99723765829353,184.04826087900048,0.071371588202091,0.0708375890188271,0.9646345921979612,0.4371882930894424,0.979715238218694,0.1911739893730472,11.07254321720112,0.0722185922516326,0.0716783546631756,0.9642148354183432,0.4448204612759248,0.9787753379939104,0.1979080438178981,10.982360225832233,0.0714136313878435,0.0708782287928461,0.964614414854162,0.4398492470338353,0.9796735488399256,0.1935089723892362,11.095014617311378,katun_pth
56.933289045569374,63.43943320891353,71.00547922328916,2.480620292897931,0.871212236780931,0.6858584006838496,0.2268811184617891,0.8059634501626703,0.0516785086678938,21.010920473212863,2.5127157280006718,0.8825416528981426,0.6812386689431873,0.2167242767899286,0.8156193564270187,0.0471589419819718,21.467524275956013,2.5290488569899905,0.8891962297618256,0.6783237208018289,0.2071707786058469,0.8219277528724666,0.0431082245267303,21.83488979934597,polyester_htm
57.38033610808459,64.003072954706,71.60959113825665,2.4196232533846325,0.8602345834721044,0.6881956190565204,0.2265205223567239,0.8095941693756982,0.0515336837935019,20.98078341092631,2.4500610578345,0.8717402002062162,0.683411820613503,0.2164551263251205,0.8189791065971427,0.0470624398124496,21.429996137280828,2.463762850678833,0.877281687099759,0.6809749355927306,0.2079707824328796,0.8250515783963626,0.0434603680787776,21.76739389953466,polyester_htm
56.816999492143694,63.56576121823653,71.14096697986135,2.548717993330974,0.8859290945832607,0.6822871089474624,0.2258032813775124,0.8025551166036018,0.0511856906435573,21.08672879118832,2.5832993538259363,0.8985342284735228,0.6770982274911259,0.2150911509886412,0.812340400236033,0.0464491449276415,21.567578470626145,2.599027969330117,0.9044888144012072,0.674526653422882,0.2059722907178509,0.8185876842527336,0.0426076349811662,21.927364449216416,polyester_htm
56.71039144845808,63.54477697475286,71.08829048233379,2.424145626987089,0.8585029560967334,0.6890589028764394,0.2275207607630915,0.807616242005603,0.0519794389828834,20.92786642780628,2.4573581746441637,0.8703519042542196,0.6842147551446361,0.2169838307025597,0.8175851968360213,0.0472811964197176,21.402717013875574,2.472602925613262,0.8765929422498264,0.6814727510060771,0.2078910587919005,0.8237515824321566,0.0434161811549358,21.75721048567201,polyester_htm
56.51967257236703,63.306698627191565,70.84050736491422,2.5105690957610487,0.8778249185813745,0.6843370045139257,0.2272100630227753,0.8033569218751371,0.0518272024357503,21.015136509359483,2.5441607127378827,0.8900158533478018,0.6793385580293171,0.2166380101978791,0.8131253908373453,0.0471215809030896,21.492801865880875,2.5596990619783564,0.8963105871858558,0.676571863263719,0.2074713598953357,0.8193258960962156,0.0432325575193815,21.85245051587863,polyester_htm
56.64336526642002,63.47071638420277,71.03725709701752,2.506153168325897,0.8771376733316197,0.6844325248969738,0.22702790745945,0.8042002371200005,0.0517475210140831,21.021136333482488,2.539689363901707,0.8894134316099523,0.6793762194247215,0.2162565783328147,0.8138904612310924,0.0469588737915291,21.501696258818757,2.555463969859736,0.8955493530462177,0.6767138082207458,0.2073092743988993,0.8200213336131046,0.0431679214535092,21.85757284853029,polyester_htm
56.85391810143557,63.717166628253175,71.28978265945092,2.4031706508634176,0.8580832152429788,0.6884116882149685,0.2270265340520097,0.8092599163016594,0.051752418188346,20.94099793591279,2.43561965894918,0.8704341893608821,0.6832768346662197,0.2164926872588465,0.819019014558468,0.0470673483072468,21.41519488511432,2.449212538757928,0.8756874846942826,0.6809911652922186,0.2079861281997568,0.8250744543690305,0.04345469222306,21.75394614747886,polyester_htm
56.959609459497216,63.58063048265306,71.18244344985094,2.554894956283687,0.8858640515695135,0.6826576720146655,0.2262641490860574,0.802941619477959,0.0513955461455814,21.09069765443488,2.588066150724321,0.897825063715036,0.6777432388946849,0.2155010962602089,0.8124139926837726,0.0466280012441744,21.56140060283566,2.6053685841678336,0.904337599446156,0.6749571675542845,0.2064607964957348,0.8185857102569304,0.0428112895009303,21.924097563920224,polyester_htm
57.16739889269365,63.76298475832425,71.36692824010329,2.538732429385351,0.884319077096761,0.6825849682415839,0.2253014474730081,0.8041059167782785,0.0509594063263309,21.105894392174207,2.572025159691829,0.8962339241119468,0.677724580714721,0.214802673815948,0.8136332096755778,0.0463254373198786,21.57223441963181,2.58811382248575,0.9025779030827644,0.6749549560674861,0.2058952612819148,0.8196891360043119,0.0425764230326684,21.930197650087003,polyester_htm
57.17297234128742,63.77032123657524,71.40455961923747,2.554894492553876,0.8868078191656158,0.6820880331940333,0.2250975487508752,0.803307932371626,0.05086638121001,21.119942136281264,2.588594881755795,0.8989451807679237,0.6771198387336429,0.2144541567819176,0.8128048218817736,0.0461749877593625,21.5892125700804,2.604696778039305,0.9051910957276964,0.674399764404444,0.2055761673981826,0.8188728088087602,0.0424445498920867,21.946355578426434,polyester_htm
57.07705578287696,63.69717801760436,71.31775111199579,2.5218668830643765,0.8808082677960587,0.683367701754239,0.2258220997020365,0.8043479452518816,0.051195722824634,21.075505057469936,2.554190011295366,0.8924594393126138,0.6785854873287811,0.2153173182365528,0.813943862133415,0.0465491996027846,21.54053064497312,2.569794081621565,0.8987488371724479,0.6758344364217789,0.2065670595779777,0.8199906427688971,0.042855955090013,21.894050131735103,polyester_htm
56.842663758715375,63.662421788632,71.2659286287281,2.5443680534972755,0.8844708644678443,0.6827932628611428,0.2262374464529968,0.8032809928710534,0.0513804380327613,21.07920230635512,2.578578629852083,0.8965407101039655,0.6778801636875884,0.2153554867192967,0.8131723696983848,0.0465616304800199,21.56288840625184,2.595594469974152,0.9032809702139508,0.6749491521934146,0.2061776727959536,0.8191844341694012,0.0426917580449303,21.92494913764305,polyester_htm
57.92676804336634,64.11394714103838,71.44889683432909,2.5303295507356625,0.8823127429612249,0.6830507743220448,0.2237762805600738,0.8060181866031639,0.0502743907069976,21.156793221148323,2.562508552009048,0.8941905800124159,0.6781268880043141,0.2140384059625733,0.8149524630514109,0.045999493023594,21.58986310871165,2.5791038131697914,0.9004358225582262,0.6754339636857489,0.2056900493157049,0.8204950831923746,0.0424942601697695,21.922947021959995,polyester_htm
58.20990909721308,64.48673150564927,71.8672248222004,2.325184066010062,0.8399573934837332,0.693132616966208,0.2260622464209267,0.8154549371568357,0.0513370514874662,20.925121630993875,2.3534809872491063,0.8509673978855689,0.6885131350018378,0.2166248249523055,0.8242437940123599,0.0471491385280559,21.34079342923904,2.3655335699075946,0.855927466838163,0.6863004727980959,0.2092979178175892,0.8297448891320983,0.0440269023200067,21.63871007853625,polyester_htm
58.01104743367935,64.14531874219259,71.4469326950707,2.49571467281811,0.8723913241910749,0.6858728836856093,0.2240317798317802,0.8076479482508141,0.050393248200468,21.10741859716942,2.527342674304014,0.883792820796542,0.681180225119108,0.2144309137707224,0.8165804935950673,0.0461731810964074,21.53401974631991,2.544334965839562,0.8903687877884681,0.6783321803668052,0.205943294983992,0.8221236718004229,0.0426038222398206,21.870979127398098,polyester_htm
57.822102874327015,63.75568320143038,70.55756573696037,2.556597510137875,0.8860754634379694,0.682523259752613,0.2247526840570761,0.804267992642883,0.0507083041820428,21.15378993550064,2.589158700793788,0.8979658332859746,0.6776242914322391,0.215044020791942,0.8129160600556233,0.0464277133508247,21.576990534879823,2.604036310868289,0.9039218379094448,0.6750082374888535,0.2069586273476622,0.8183040437810496,0.0430152015489545,21.89786984003512,polyester_htm
57.65476079119822,63.5897081023535,70.38154264097253,2.51685527586859,0.88020471427488,0.6834796600681409,0.225254626019392,0.8051483832555983,0.0509357979325961,21.10835310219977,2.548318409121826,0.8919383377161111,0.6786116960703783,0.2156510066186895,0.8137895464532902,0.0466909404408474,21.52918465101,2.5630825977768974,0.8980227505429068,0.6759226974141512,0.2074093215440705,0.8191353665016381,0.0432032447476487,21.85000897421749,polyester_htm
58.046469600459766,63.70968279434713,70.53281404028128,2.5338129159572764,0.882913002057983,0.6829650554415583,0.224677000963855,0.8055202484508269,0.0506733995340054,21.14997791034652,2.563553959938222,0.8940646561686283,0.6783066611623825,0.2152669731397785,0.8139658665254211,0.0465244481181885,21.55333551930451,2.5790687184168277,0.9003752055745737,0.6755479503085053,0.20717251957883,0.8192782525001444,0.0431035620388669,21.873909171923252,polyester_htm
57.85650951557093,63.55586269720589,69.7106013507581,2.492718356396809,0.8752627589704804,0.6845639751825998,0.2256509805457318,0.8062415891088569,0.0511173112651514,21.08753719626337,2.522958174947025,0.8866445569963957,0.6798190721778792,0.2162520268604332,0.8145809863551656,0.0469545832630836,21.49161744592128,2.536919760065816,0.8923671643075042,0.6772962274296497,0.208456537168979,0.8193724851397994,0.0436433573937177,21.786600611527888,polyester_htm
57.509834415396526,63.14136283838795,69.5441012464929,2.5117931695450086,0.8778868833984905,0.6843303590529882,0.226840292524501,0.8045114162004054,0.0516517204614679,21.06873794486576,2.542648660188757,0.8891377952088125,0.679702825029368,0.2174516202751123,0.8130295901541609,0.0474698439582606,21.47427838599723,2.557790921602459,0.8954345836359059,0.6769297974708898,0.2091299892676775,0.8181012602801766,0.0439199324699557,21.788023424090497,polyester_htm
58.1705063322398,64.46619537800872,71.92069122835375,2.554060051168746,0.8884227883285696,0.6812642119674609,0.2224943095319951,0.8045660634598519,0.0497011841068017,21.202186468681287,2.5868889862611257,0.9003353922806423,0.6763661085372202,0.2123704792215698,0.8134338062666543,0.0452877250228022,21.64236990717893,2.602784335335974,0.9064282896240098,0.673742409050466,0.2043628896821896,0.8191891679883936,0.0419490882110348,21.975824199873003,polyester_htm
58.45006433012855,64.81229290388046,72.2847289778419,2.362974126165832,0.8502926002408755,0.6899312006369622,0.2233382058761662,0.813556826568352,0.050097455393233,21.01773008190324,2.392994029255469,0.8614386109955294,0.6853197202777759,0.213619978566911,0.8223830751475928,0.0458405959653551,21.443511787851374,2.407560004559273,0.8673356799766565,0.68273434440956,0.2058684897304077,0.8280654488267232,0.0425872606367777,21.761787965675012,polyester_htm
58.20191958958426,64.54052904109945,72.01194765637784,2.5290429429534704,0.8818091019556061,0.683245213706205,0.2234417621500172,0.8061325068798776,0.0501308984155154,21.16594961683534,2.561484692448016,0.8936530271380472,0.6783640889832017,0.2132682310313141,0.8148861592804568,0.0456770106762335,21.60493161643402,2.57710787796915,0.8997818562861316,0.6756859993035101,0.2052051172118422,0.8205180014024397,0.0423008268050827,21.935830724920237,polyester_htm
58.17906705349553,64.84460819235082,72.31329308896365,2.4149086072294184,0.8606787524857994,0.6877561691573831,0.2242975235137828,0.8102038790337172,0.0505334444620171,21.039430485218023,2.4455024376487136,0.8725179654306925,0.6827879048225886,0.2140024288268333,0.8191039986096711,0.0460106000934179,21.48282582975376,2.458222246670084,0.877523125579863,0.6805973744463123,0.2071802523022232,0.8246479190662489,0.0431353261884098,21.779522717390343,polyester_htm
57.84470366484676,64.40708499459218,71.82756887738812,2.5364982222402013,0.8855561917854106,0.6818528474838679,0.2230860700642878,0.8052105639413043,0.0499658678438149,21.168388934377735,2.569623711998173,0.8977377729536806,0.6768288866424428,0.2126451708297907,0.8142234372159494,0.0454048557706039,21.6255038135596,2.585589764462892,0.9038058897864653,0.674212768924111,0.2046892706591974,0.8199982104680467,0.0420828633466102,21.956023283613757,polyester_htm
154.57070845206596,170.23170301730502,184.5493698815268,0.048904628289196,0.0485529912062795,0.9757583765700658,0.6321922685414484,0.9388085916005388,0.3997000298767456,6.632685863078808,0.049713481010349,0.0493543890227811,0.9753583969671654,0.6394993946915087,0.935245956350345,0.4089942175211475,6.534863911600095,0.053647902391567,0.0532951736677433,0.973387366303283,0.6500496186235656,0.9285028638043988,0.4226041407428215,6.563724358059487,polyester_pth
154.9928822167479,170.18257371898486,184.8791771555457,0.0483919251505959,0.0480246610019734,0.9760239074996327,0.635498068664147,0.9380663478820236,0.4038909906945803,6.567777859657537,0.0497297773293128,0.0493634176754462,0.9753543972819212,0.6425248530795757,0.9343267794237844,0.4128727838106188,6.498821941910661,0.0510560253863241,0.0506950308294223,0.9746880434243588,0.6577611881121133,0.9295654884795952,0.4326863014039042,6.41968206216265,polyester_pth
155.18028973751112,170.35531377088796,184.6895587387204,0.0487931202626322,0.0484206468102566,0.9758265808015129,0.6312570750386577,0.9388298515649518,0.3985190317777825,6.634221640937668,0.0494003552299368,0.0490281314092085,0.9755228013429754,0.6391441660921691,0.9356499076015736,0.4085397450131402,6.526129867323094,0.0535659403076618,0.0531971475716724,0.973437933350669,0.6461313072969704,0.9296027332183138,0.4175252481728597,6.593794623145314,polyester_pth
154.95459506441497,170.13311297957,184.80655557434656,0.0479963596363179,0.0476241045481048,0.9762248286688862,0.6370835992039305,0.9382442989292537,0.4059083060730691,6.548178278472067,0.0489591113463454,0.0485850470347441,0.975744528947537,0.64513275591851,0.9347764814882448,0.4162300098880157,6.462106729845847,0.0505232309491016,0.0501538142306927,0.9749596805902434,0.6595656044444231,0.9298842145784558,0.4350625482836692,6.39383997047336,polyester_pth
154.6397218464019,170.26609213551083,184.58707503202788,0.0488358633360867,0.048464793468603,0.9758043859110814,0.6327506579687696,0.9387023688240808,0.4004058774551114,6.623651052503014,0.0496245358709418,0.0492450439836262,0.9754150629201496,0.6401383040372347,0.935164675034116,0.4098114757008205,6.523362933018491,0.0533771455710869,0.0530098811593534,0.9735314215847276,0.6494788498111332,0.929019808223323,0.4218619134822046,6.561173933321752,polyester_pth
155.1222659695366,170.3044821811281,184.9821094145983,0.0473315916097165,0.0469894374575205,0.9765390004493196,0.6384819202424082,0.9386876488682364,0.4076908382239666,6.521900283249247,0.0484617030305633,0.0481182387743499,0.9759746042125016,0.6465862932535897,0.9348329389408524,0.4181069269202862,6.426557275454241,0.0494897990232105,0.0491464908143246,0.9754604625877816,0.6633012877773364,0.9302463134055626,0.440002935097748,6.331527827138958,polyester_pth
155.26308677857466,170.478184378779,185.14608108789008,0.0468382050055857,0.0464731867457095,0.9767996318168756,0.639130854255366,0.9390198981410618,0.4085194311177211,6.496519730337581,0.0480127663224871,0.0476486526630609,0.976211808398155,0.6466474633538262,0.9352117543801745,0.4181858193711242,6.407484659257549,0.0488332627556846,0.0484755124904337,0.9757977493431812,0.6630753809264502,0.9310306885612424,0.4397027458642922,6.3117157106617645,polyester_pth
155.5570077435615,170.78039648461663,185.44173995162893,0.0459709234119195,0.0456132041735306,0.9772288686130188,0.6415131649937951,0.9392840890242506,0.4115689925760709,6.44188079812124,0.0468363520517954,0.0464794437868093,0.976795653904438,0.6495491696850693,0.9356193210482996,0.4219455767076602,6.332530200388693,0.047221276829893,0.0468712309952467,0.976599074057185,0.6670322081222602,0.931985133664192,0.4449635058971778,6.225265635043358,polyester_pth
155.36855133489382,171.03601102816458,185.29583216097348,0.0446112411754735,0.0442551128637746,0.9779075450681668,0.6450694490462208,0.9404271968533672,0.4161423405815752,6.380771912289675,0.0453315571842427,0.0449744930990591,0.9775479014473396,0.6515354614025968,0.9369749467589272,0.4245283437130782,6.273902988566139,0.0478600616181797,0.0475073955777472,0.9762810119756536,0.6679708958390804,0.9309770206950696,0.4462168317994264,6.231584143377324,polyester_pth
155.46792641720845,171.15039007155886,185.40702787322948,0.0445847725681503,0.044245737599436,0.9779107681714037,0.645456840958432,0.9402259883118984,0.4166422499398018,6.37132400611098,0.0451709465973604,0.0448272640984203,0.9776204392539484,0.651998622196037,0.9368775083704092,0.4251318046088318,6.255395528326693,0.0473506138972288,0.0470154781642311,0.9765254775444488,0.6683317171064954,0.9314677968205838,0.4466984009099559,6.211510147146257,polyester_pth
155.43197251040655,171.1021939841477,185.3603860356477,0.0445305766213524,0.0441968132597333,0.9779345760170246,0.645883979452871,0.9402899067488406,0.417193879723746,6.3733273621842015,0.0452149908920241,0.0448756128287785,0.9775957327057349,0.6522084353685854,0.9368386590854796,0.4254057113810837,6.259308858919707,0.0474515652988106,0.0471186442455434,0.9764735711793866,0.6687994050115051,0.9312600633667244,0.4473239837030829,6.2116910710950615,polyester_pth
155.44893038377575,171.12791275298028,185.38687513220228,0.0445332759189881,0.0441909035195679,0.9779384403215348,0.6473109150826352,0.9397811944259514,0.4190394156617011,6.349341872692389,0.0453354565458928,0.0449862529453878,0.9775413656484542,0.6529244145911175,0.936371561932782,0.4263404962350202,6.248896612484485,0.047028081897578,0.0466848983358548,0.976691469947394,0.6718123229493734,0.93103174974119,0.4513626918914545,6.171164709575291,polyester_pth
155.36703369012983,171.0029663198477,185.6571065710021,0.0439472196938053,0.0436276177682716,0.9782178613933932,0.6491956290457921,0.9400156210008654,0.4214821031830024,6.3073643493145015,0.044891684825352,0.044572675421355,0.9777452487386048,0.6555467288354309,0.9363703050085052,0.4297707169886324,6.213494752645014,0.0444889265898152,0.0441719759306619,0.9779453926094672,0.67413891751026,0.9337717844555632,0.4544917611418157,6.080750449225595,polyester_pth
155.33392107224532,170.99258962566302,185.65480356986063,0.0446549594418418,0.0442929667226584,0.9778893789784688,0.6469165474614895,0.939793651898162,0.4185289564638947,6.3555483054000135,0.0456739879785693,0.0453076593987897,0.9773824596208284,0.6528804273880379,0.936040170373018,0.4262832089353998,6.260630151418846,0.0455684900892673,0.0452025982040804,0.9774349465487238,0.6727479511843966,0.932568467255341,0.4526195661243275,6.118167077374209,polyester_pth
155.82574629434512,171.02088446817766,185.65466837432103,0.0456387404671666,0.0452745954840352,0.9773987818621116,0.6437856704765534,0.9390764546554822,0.4144894226493957,6.421449605339182,0.0459497113851284,0.0455832581469419,0.9772446587270016,0.6533828037442667,0.9354292859569452,0.4269395803416003,6.258018851121998,0.0459719142284561,0.045612541892715,0.9772293449258546,0.6720338114973673,0.9321904415728632,0.451659584892338,6.136049127879589,polyester_pth
155.8379345339296,171.04206314878894,185.6896201628932,0.0455901256989516,0.0452262616216989,0.9774230674214254,0.6440442246501372,0.9391010627794378,0.41482235768871,6.420998069733228,0.0458537009252956,0.0454892753398753,0.9772916167131538,0.6531901966130023,0.9355869686557712,0.4266878519634565,6.256732223751459,0.0457351336264867,0.0453749190858389,0.9773484071373436,0.672498208474867,0.9323412965499353,0.4522836140809241,6.123211947747173,polyester_pth
155.89547994167137,171.07394902928604,185.71444943487268,0.0454245127473882,0.0450623951808977,0.9775047866842932,0.6437918027928172,0.9393986921838976,0.4144971395357095,6.423067256895026,0.0457258596475252,0.0453625256310502,0.9773547951757926,0.6533165541332286,0.9357094592708448,0.4268527006842466,6.251547869957578,0.0455247280239081,0.0451659482434359,0.9774526306480366,0.6722846170770227,0.9326988957336956,0.4519959821793875,6.121266173334947,polyester_pth
156.25542415979214,171.35558378780985,185.9813979543069,0.0433253747951805,0.042996009784151,0.9785346322327122,0.6492602303324508,0.9408436261107792,0.4215657337390002,6.329292906433251,0.0431478736958058,0.0428176976776414,0.9786238323436388,0.6609345145325345,0.9369815231689907,0.4368620583020629,6.100268216154469,0.0427855564010596,0.0424557236550826,0.9788047530516448,0.6796899691372756,0.934512827235437,0.4620054209738753,5.973390343621812,polyester_pth
155.486901622546,171.05674109405618,185.71956990357717,0.043105038188299,0.0427763908452052,0.9786442819976854,0.6506578245101798,0.9410520132224368,0.4233819541117189,6.296149076232334,0.0441614231713881,0.0438311849915568,0.9781170440081834,0.6576083714505101,0.9368951208214892,0.432477588334192,6.179235492024472,0.0439441035540909,0.0436161736000802,0.9782243188813398,0.6771400254423078,0.933847037486806,0.4585469721507663,6.041033288519691,polyester_pth
155.45259382121463,171.02168597568277,185.69766697896335,0.0437510794797806,0.0433855620128301,0.97834322133185,0.6492357346653698,0.9406982615954868,0.4215336229169021,6.336283884928999,0.044730027710984,0.0443639175988122,0.9778540978064512,0.6563468171899394,0.9365794002680576,0.430820241805,6.214037008065712,0.044698971758396,0.044336948007853,0.977867173965768,0.6753218298097129,0.9333427389297364,0.4560885871103116,6.083687861067257,polyester_pth
155.63534314473804,170.77690322643406,185.4696952463053,0.0438582227608798,0.0435194063609699,0.97827390062359,0.6509516916065318,0.9399694682831392,0.4237657376028657,6.319267669826064,0.0432838659148388,0.0429437393861744,0.978561821154146,0.6610508659927598,0.9379973426594144,0.4370155781088223,6.162170390055496,0.0435790301915694,0.0432438633080251,0.9784112632287087,0.6778086057137422,0.9348522448425252,0.4594523933934762,6.056630892795737,polyester_pth
155.10963840680787,170.71106998289852,185.42962517161357,0.0424254472982208,0.0420943973938834,0.978985478563086,0.6526929916222111,0.9420803800279904,0.4260335580337529,6.287522958313809,0.0432689735810555,0.0429353347069334,0.9785652666015024,0.661044160585319,0.9381129605195108,0.4370071323245043,6.165646429707324,0.0434615620750595,0.0431301691683922,0.9784676247740272,0.6781890381177739,0.9350131300687472,0.4599685354770373,6.053326497089253,polyester_pth
155.13266105979335,170.7524610826419,185.47334833205625,0.0424001521222291,0.0420737501753918,0.9789954561806918,0.6524602292852323,0.9422058431038304,0.4257297910348308,6.291600983416866,0.0430146467927884,0.0426848137072407,0.9786902256290108,0.659885121005712,0.9388139293774598,0.4354756778789395,6.175261911616662,0.0433175322920042,0.0429866387408329,0.9785394191587768,0.6770947490810673,0.9355358721972052,0.4584851451049686,6.062883665828827,polyester_pth
155.2234848995063,170.83709317866166,185.1420293374321,0.0429961251527146,0.0426537834585762,0.978706996045716,0.6484889399154233,0.9425268013465068,0.4205638407265178,6.3607289015941175,0.0434925096304017,0.0431471111168416,0.978460623315816,0.6569073139131469,0.938949711005284,0.4315550821003838,6.221965696169623,0.0457747203975653,0.0454377438431192,0.977314464756766,0.6694978114491497,0.9342845283757948,0.4482573339088543,6.208869275125687,polyester_pth
155.17787742005004,170.79659880948105,185.10750614615884,0.0434363124982328,0.0430788425069443,0.9784959690275524,0.648530675206284,0.9417882069154522,0.4206185752409064,6.359207250252819,0.0436527926732891,0.0432870566015532,0.9783925561747416,0.6572393998932221,0.93864747316528,0.4319916442280944,6.220991690705555,0.0457912026989203,0.0454337638536808,0.9773183990279072,0.6704458577974279,0.9340880708192624,0.4495275072453559,6.201976763705043,polyester_pth
